id,name,email,department,role,created_at
1,Neha Joshi,neha.joshi1@corp.in,Marketing,user,2025-10-15
2,Neha Iyer,neha.iyer2@corp.in,IT Support,it_support,2026-02-16
3,Aarav Gupta,aarav.gupta3@corp.in,Sales,user,2025-09-24
4,Aarav Patel,aarav.patel4@corp.in,Operations,admin,2026-01-16
5,Diya Joshi,diya.joshi5@corp.in,Sales,it_support,2025-08-14
6,Vihaan Sharma,vihaan.sharma6@corp.in,HR,admin,2026-03-22
7,Priya Reddy,priya.reddy7@corp.in,Engineering,admin,2025-10-11
8,Aarav Singh,aarav.singh8@corp.in,HR,it_support,2025-07-06
9,Sanjay Sharma,sanjay.sharma9@corp.in,Sales,user,2025-11-21
10,Sanjay Iyer,sanjay.iyer10@corp.in,Sales,admin,2025-07-19
11,Diya Gupta,diya.gupta11@corp.in,Finance,user,2025-09-27
12,Aarav Patel,aarav.patel12@corp.in,IT Support,user,2025-08-05
13,Arjun Iyer,arjun.iyer13@corp.in,Marketing,user,2025-06-10
14,Neha Iyer,neha.iyer14@corp.in,HR,admin,2025-08-08
15,Rohan Patel,rohan.patel15@corp.in,IT Support,user,2025-07-07
16,Vihaan Sharma,vihaan.sharma16@corp.in,Operations,it_support,2025-11-25
17,Rohan Kumar,rohan.kumar17@corp.in,Marketing,it_support,2025-09-20
18,Diya Sharma,diya.sharma18@corp.in,Engineering,it_support,2026-03-11
19,Diya Kumar,diya.kumar19@corp.in,Engineering,user,2025-12-27
20,Ananya Reddy,ananya.reddy20@corp.in,IT Support,user,2025-09-22
21,Sanjay Reddy,sanjay.reddy21@corp.in,IT Support,it_support,2025-09-30
22,Diya Iyer,diya.iyer22@corp.in,Finance,admin,2025-05-17
23,Vihaan Iyer,vihaan.iyer23@corp.in,Operations,user,2025-06-16
24,Neha Gupta,neha.gupta24@corp.in,Finance,it_support,2025-06-15
25,Priya Khan,priya.khan25@corp.in,Sales,user,2025-06-24
26,Diya Singh,diya.singh26@corp.in,Finance,admin,2026-03-12
27,Neha Patel,neha.patel27@corp.in,Finance,it_support,2025-10-22
28,Arjun Khan,arjun.khan28@corp.in,Finance,admin,2025-06-26
29,Diya Reddy,diya.reddy29@corp.in,Engineering,user,2025-05-16
30,Vihaan Singh,vihaan.singh30@corp.in,Operations,user,2025-07-13
31,Arjun Khan,arjun.khan31@corp.in,Sales,admin,2026-01-13
32,Neha Joshi,neha.joshi32@corp.in,Operations,it_support,2026-03-15
33,Diya Reddy,diya.reddy33@corp.in,Operations,admin,2025-12-01
34,Rohan Joshi,rohan.joshi34@corp.in,Operations,admin,2025-11-02
35,Priya Joshi,priya.joshi35@corp.in,HR,user,2026-03-30
36,Diya Mehta,diya.mehta36@corp.in,Finance,admin,2025-12-13
37,Vihaan Kumar,vihaan.kumar37@corp.in,Engineering,user,2025-10-10
38,Diya Sharma,diya.sharma38@corp.in,Marketing,user,2025-08-18
39,Amit Kumar,amit.kumar39@corp.in,Finance,it_support,2025-08-22
40,Sanjay Khan,sanjay.khan40@corp.in,Engineering,it_support,2025-08-05
41,Priya Patel,priya.patel41@corp.in,Engineering,admin,2026-02-07
42,Aarav Iyer,aarav.iyer42@corp.in,IT Support,admin,2026-02-03
43,Sanjay Singh,sanjay.singh43@corp.in,HR,admin,2025-06-15
44,Amit Mehta,amit.mehta44@corp.in,Sales,it_support,2026-04-10
45,Rohan Singh,rohan.singh45@corp.in,Sales,admin,2026-03-29
46,Neha Mehta,neha.mehta46@corp.in,Operations,it_support,2026-03-07
47,Neha Iyer,neha.iyer47@corp.in,Finance,admin,2026-03-25
48,Arjun Joshi,arjun.joshi48@corp.in,Engineering,user,2026-03-30
49,Sanjay Khan,sanjay.khan49@corp.in,Marketing,user,2026-01-03
50,Arjun Gupta,arjun.gupta50@corp.in,Sales,user,2025-06-24
